symbol,name,segment,last,sma20,sma50,rsi,52w_low,52w_high,vol_spike,breakout_55d,in_buy_zone,trend_ok,near_stop,signal,reason,dist_to_buy_low_pct,dist_to_buy_high_pct,dist_to_stop_pct,buy_low,buy_high,stop,notes,as_of
RELIANCE.NS,Reliance Industries,User,1193.0,1249.8050048828125,1281.9760034179687,28.795811518324598,1182.0,1592.300048828125,0.5777472732289815,False,False,False,True,SELL,Stop loss breached,109.55574182732606,117.93797150041911,-92.79128248113999,2500.0,2600.0,2300.0,Test seed,2026-09-30 06:32:06
INFY.NS,Infosys,User,1010.2000122070312,1047.7800018310547,1102.5899987792968,40.45025945479698,985.2999877929688,1689.800048828125,0.564292428751016,False,False,False,True,SELL,Stop loss breached,48.485446631789266,54.42486449706083,-33.63690196861034,1500.0,1560.0,1350.0,Test seed,2026-09-30 06:32:06
BHARATFORG.NS,BHARATFORG,User,1913.5999755859375,1958.2199951171874,2051.7839990234374,43.60878422388089,1191.0,2265.199951171875,0.4453153603312141,False,False,False,False,HOLD,Neutral,-33.23630767664457,-29.106917991854033,38.05445155082437,1277.59,1356.61,1185.39,Added via UI,2026-09-30 06:32:06
DATAPATTNS.NS,Data Patterns,User,4349.39990234375,4535.014965820313,4539.926015625,32.4268510038619,2182.5,4932.2998046875,0.36414354486319184,False,False,False,False,HOLD,Neutral,-41.65379001750309,-38.04455647897726,45.86425592341616,2537.71,2694.69,2354.58,Added via bulk UI,2026-09-30 06:32:06
CUPID.NS,Cupid,User,307.25,276.197501373291,268.1309991455078,62.203106594320936,42.94599914550781,307.25,2.1458961644903307,False,False,True,False,HOLD,Neutral,-17.79658258746949,-12.712774613506916,23.729861676159477,252.57,268.19,234.34,Added via bulk UI,2026-09-30 06:32:06
DRCSYSTEMS.NS,DRCSYSTEMS,User,12.420000076293945,12.88100004196167,13.02439998626709,39.38055113883797,12.289999961853027,20.84000015258789,0.11816135898890738,False,False,False,True,SELL,Stop loss breached,48.71175431998337,57.890498224952566,-38.003219764185985,18.47,19.61,17.14,Bulk add 2025-11-07,2026-09-30 06:32:06
FAIRCHEMOR.NS,FAIRCHEMOR,User,675.5999755859375,644.9724975585938,697.6769995117188,67.91568852323888,433.0,846.7999877929688,0.3198606547642611,False,False,False,True,WATCH,"Close to stop, reduce risk",6.024278550152988,12.581413186159947,1.626698635743148,716.3,760.6,664.61,Bulk add 2025-11-07,2026-09-30 06:32:06
GRWRHITECH.NS,GRWRHITECH,User,7047.5,6746.7,6971.48,53.1957838080287,2704.5,7409.5,0.5629646414906876,False,False,False,False,HOLD,Neutral,-53.15090457609081,-50.253139411138704,56.53181979425328,3301.69,3505.91,3063.42,Bulk add 2025-11-07,2026-09-30 06:32:06
INSPIRISYS.NS,INSPIRISYS,User,86.0,87.35449981689453,92.35419982910156,42.185346236469506,71.44000244140625,132.0500030517578,0.7770810033551686,False,False,False,True,SELL,Stop loss breached,11.383720930232567,18.26744186046511,-3.3488372093023204,95.79,101.71,88.88,Bulk add 2025-11-07,2026-09-30 06:32:06
JHS.NS,JHS,User,12.449999809265137,8.637000060081482,8.33020001411438,86.46865070809537,6.550000190734863,13.5600004196167,8.242933756476548,False,True,True,False,ACCUMULATE,Within buy zone and trend ok,-2.8112434909811927,3.1325317004794635,9.879516691637098,12.1,12.84,11.22,Bulk add 2025-11-07,2026-09-30 06:32:06
MURUDCERA.NS,MURUDCERA,User,28.43000030517578,29.170999908447264,30.093200073242187,28.94735345108265,25.290000915527344,45.43000030517578,0.7812052567765992,False,False,False,True,SELL,Stop loss breached,37.77699465190989,46.289129629127714,-27.822721104171706,39.17,41.59,36.34,Bulk add 2025-11-07,2026-09-30 06:32:06
NEWGEN.NS,NEWGEN,User,474.29998779296875,498.6699981689453,521.5159985351562,26.63418812343035,402.29998779296875,996.5499877929688,0.37999852808926243,False,False,False,True,SELL,Stop loss breached,93.86675599101318,105.8591661668338,-79.87771915617317,919.51,976.39,853.16,Bulk add 2025-11-07,2026-09-30 06:32:06
NUCLEUS.NS,NUCLEUS,User,652.0999755859375,698.9825073242188,712.3330004882813,8.189336376111072,652.0999755859375,1037.699951171875,0.7005100104870345,False,False,False,True,SELL,Stop loss breached,53.34611830057003,62.832393766907266,-42.280330430364785,999.97,1061.83,927.81,Bulk add 2025-11-07,2026-09-30 06:32:06
OPTIEMUS.NS,OPTIEMUS,User,789.9000244140625,635.9924987792969,605.5340002441407,75.21610587949765,292.75,828.3499755859375,0.3667173676625618,False,False,True,False,HOLD,Neutral,-30.359541334607552,-26.052667179838974,35.385493831500945,550.09,584.11,510.39,Bulk add 2025-11-07,2026-09-30 06:32:06
POKARNA.NS,POKARNA,User,714.0,766.7700042724609,860.1730004882812,28.31066545123062,704.5,1132.4000244140625,0.36407874731273404,False,False,False,True,SELL,Stop loss breached,21.644257703081227,29.168067226890752,-12.865546218487397,868.54,922.26,805.86,Bulk add 2025-11-07,2026-09-30 06:32:06
REDINGTON.NS,REDINGTON,User,409.0,390.6925018310547,355.0329998779297,65.39035165459521,199.9499969482422,410.3500061035156,0.41856347907914415,False,False,True,False,HOLD,Neutral,-30.748166259168702,-26.464547677261617,35.745721271393634,283.24,300.76,262.8,Bulk add 2025-11-07,2026-09-30 06:32:06
RVNL.NS,RVNL,User,207.22999572753906,206.38699951171876,216.98059936523438,51.43662061235813,197.5,387.95001220703125,1.4554132024664992,False,False,False,True,SELL,Stop loss breached,48.8491079281571,58.05626924330086,-38.107419727156085,308.46,327.54,286.2,Bulk add 2025-11-07,2026-09-30 06:32:06
SAKSOFT.NS,SAKSOFT,User,141.1999969482422,146.29899978637695,157.8918002319336,34.0915974853653,109.69000244140625,219.36000061035156,0.315910536825461,False,False,False,True,SELL,Stop loss breached,34.143062389321095,42.44334585483423,-24.46175906393163,189.41,201.13,175.74,Bulk add 2025-11-07,2026-09-30 06:32:06
SBCL.NS,SBCL,User,1076.699951171875,1109.2449920654296,1000.8569970703124,45.1789090901816,375.25,1156.0,0.41678577087236546,False,False,False,False,HOLD,Neutral,-55.09426749079343,-52.31726355692522,58.33472458954465,483.5,513.4,448.61,Bulk add 2025-11-07,2026-09-30 06:32:06
TEXRAIL.NS,TEXRAIL,User,133.57000732421875,118.73849983215332,112.60379989624023,68.85442733384355,78.80000305175781,142.33999633789062,2.9741347330026464,False,True,True,False,ACCUMULATE,Within buy zone and trend ok,-4.679199656737245,1.2203283569676726,11.55948676916722,127.32,135.2,118.13,Bulk add 2025-11-07,2026-09-30 06:32:06
TRIVENI.NS,TRIVENI,User,237.60000610351562,253.02249984741212,257.36500091552733,26.291813824273532,221.5,477.1499938964844,0.15085530386364948,False,False,False,True,SELL,Stop loss breached,47.175922145241834,56.27524851082314,-36.55302679522923,349.69,371.31,324.45,Bulk add 2025-11-07,2026-09-30 06:32:06
WELSPUNLIV.NS,WELSPUNLIV,User,228.42999267578125,214.30899887084962,189.63379943847656,70.35188429773824,108.31999969482422,228.42999267578125,0.3360307583299236,False,False,True,False,HOLD,Neutral,-45.01597687381249,-41.6188748080544,48.98655879860963,125.6,133.36,116.53,Bulk add 2025-11-07,2026-09-30 06:32:06
ZENTEC.NS,ZENTEC,User,1620.199951171875,1705.185009765625,1754.2959985351563,28.44797894337991,1228.0999755859375,1997.0,0.25761833875156037,False,False,False,False,HOLD,Neutral,-18.64954698667443,-13.618069239681702,24.520427301860252,1318.04,1399.56,1222.92,Bulk add 2025-11-07,2026-09-30 06:32:06
INDIAGLYCO.NS,INDIAGLYCO,User,305.6000061035156,280.98500061035156,775.6140036010743,48.533011120448364,236.1999969482422,1203.300048828125,0.3259343771211762,False,False,False,True,SELL,Stop loss breached,218.21661668115152,237.9024801623264,-195.25195745394325,972.47,1032.63,902.29,Bulk add 2025-11-07,2026-09-30 06:32:06
