symbol,company,sector,industry,mcap,pe_ttm,pe_fwd,pb,peg,roe_pct,pm_pct,gm_pct,om_pct,de_ratio,debt,cash,rev_growth_pct,earn_growth_pct,rev_per_share,eps_ttm,div_yield_pct,summary,error
RELIANCE.NS,Reliance Industries Limited,Energy,Oil & Gas Refining & Marketing,17711300845453.266,23.72304,18.335093,1.9591496,0.82,,6.614999500000001,33.837002999999996,12.331,36.653,3979999969280.0,2581470117888.0,29.7,-22.400000000000002,834.734,55.17,47.0,"Reliance Industries Limited engages in hydrocarbon exploration and production, petroleum refining and marketing, petrochemicals, advanced materials and composites, renewable, financial services, retail, and digital services worldwide. It operates through the Oil to Chemicals, Oil and Gas, Retail, Digital Services, and Others segments. The company is involved in refining and marketing products, including liquefied petroleum gas, propylene, naphtha, gasoline, jet/aviation turbine fuel, kerosine oil, diesel, sulfur, and petroleum coke. It also provides polymers comprising high-density and low-density polyethylene (PE), linear low-density PE, homopolymer, random and impact copolymer, and polyvinyl chloride; fiber intermediates that include purified terephthalic acid, and ethylene glycols and oxide; aromatics, such as paraxylene, ortho xylene, benzene, and linear alkyl benzene and paraffin; and textiles that consist of fabrics, apparel, and auto furnishings. In addition, the company offers elastomers, such as polybutadiene rubber, styrene butadiene rubber, and butyl rubber; fiber and yarn polyesters; and bioenergy solutions, including compressed biogas, and pellets and briquettes. Further, it engages in oil and gas exploration and production activities; operation of various stores comprising supermarkets, hypermarket, wholesale cash and carry, specialty, and online stores; operation of media and entertainment platforms, and Network18 and television channels; and publishing of magazines. Additionally, the company provides highway hospitality and fleet management services, as well as digital services, such as connectivity, fiber, mobile devices, apps, business, and other digital solutions. Reliance Industries Limited was founded in 1957 and is based in Mumbai, India.",
INFY.NS,Infosys Limited,Technology,Information Technology Services,4628682375168.0,14.801192,14.300025,5.039869,1.9522,32.0,16.370001000000002,29.676000000000002,21.173000000000002,9.541,923000000.0,3124000000.0,2.9000000000000004,5.3,4.965,77.21,441.0,"Infosys Limited provides consulting, technology, outsourcing, and digital services worldwide. The company offers insight services, such as applied and generative AI, sustainability services, and Infosys Topaz, an AI-first set of services, solutions, and platforms; blockchain, Internet of Things, and engineering services; cybersecurity and quality engineering services; and enterprise agile DevOps, API economy and microservices, application modernization, and digital process automation. It also provides digital supply chain, Microsoft business application services, Microsoft cloud business, Oracle, SAP, service experience transformation, Salesforce, energy transition, network transformation services, infrastructure services, global capability center, and Infosys Cobalt, a suite of services, solutions, and platforms. In addition, the company offers experience services, including digital marketing, digital commerce, digital interactions, digital workplace services, digital experience, metaverse, and Infosys Aster, a marketing suite; and EdgeVerve, Infosys Finacle, Infosys Live Enterprise Suite, Infosys Cortex, Infosys Meridian, Panaya, Infosys Equinox, Infosys Topaz Fabric, Infosys Wingspan, Infosys Helix, and Infosys Polycloud platforms. It serves aerospace and defense, agriculture, automotive, chemical manufacturing, communication services, consumer packaged goods, education, engineering procurement and construction, financial services, oil and gas, private equity, professional services, public sector, healthcare, high technology, industrial manufacturing, information services and publishing, insurance, life sciences, logistics and distribution, media, entertainment, mining, retail, semiconductor, travel and hospitality, utilities, and waste management industries. The company was formerly known as Infosys Technologies Limited and changed its name to Infosys Limited in June 2011. Infosys Limited was incorporated in 1981 and is headquartered in Bengaluru, India.",
BHARATFORG.NS,Bharat Forge Limited,Industrials,Metal Fabrication,982472130560.0,139.5112,42.649456,10.255616,,,4.0260002,53.261,9.616,76.475,73086148608.0,23854880768.0,18.7,,367.151,14.73,40.0,"Bharat Forge Limited engages in the manufacture and sale of forged and machined components in India and internationally. It operates through three segments: Forgings, Defence, and Others. The company offers automotive components comprising crankshafts, connecting rods, emission/after treatment, and fuel injection systems; chassis, such as front axle beams, steering knuckles, control arms, knuckle, forks, and reinforcement brackets; transmission and driveline components; and power generation components for thermal, hydro, and wind energy. It provides oil and gas forging products, such as subsea, surface, and drilling components; rail products, including engine and bogie components, turbochargers, and power electronics; and marine products that include propellers, marine motor, stern tube, crankshaft, conrod, piston rod, stock, trunk, and pintle. In addition, the company offers various components, such as turbochargers and superchargers, rotor assembly, and air cycle machine for land, marine, and aviation application; construction and mining products, including machined crankshafts, injector bodies, front spindles, and track links; and e-mobility, castings, and defense products. Further, it provides aerostructures, landing gear, and critical engine components. The company was incorporated in 1961 and is headquartered in Pune, India.",
DATAPATTNS.NS,Data Patterns (India) Limited,Industrials,Aerospace & Defense,251323236352.0,93.66159,55.45303,14.477414,,,28.459,62.248003,21.934,0.304,52700000.0,4226500096.0,16.8,-13.4,168.208,47.93,22.0,"Data Patterns (India) Limited provides defense and aerospace electronics solutions in India. It offers COTS boards, ATE and test systems, RF and microwave products, electronic warfare products, cockpit and rugged displays, radar and radar subsystems, identify friend and Foe products, avionic systems, laser and electro optic systems, space systems, power supply products, naval systems, communication products, gimbal and actuator controller products, launch and fire control systems, high-speed processors, digital IF processors and waveform generators, consoles, and navigation systems; and software and application products. In addition, the company provides hardware design, product development, ATE/functional test equipment, FPGA, software, microwave, mechanical product design, manufacturing, and environmental qualification testing services. Data Patterns (India) Limited was incorporated in 1998 and is based in Chennai, India.",
CUPID.NS,Cupid Limited,Consumer Defensive,Household & Personal Products,374488006656.0,275.74258,,82.960976,,,30.351,58.279,37.985,12.506,563785024.0,1864455040.0,158.7,190.9,3.404,1.01,,"Cupid Limited manufactures and supplies male and female condoms in India and internationally. The company offers water based lubricant jellies; in vitro diagnostic kits, including viral transport medium, pregnancy detection testing kit, ovulation testing kit, typhoid antibody, dengue, hepatitis b antigen, malaria antigen, syphilis antibody, hepatitis C, HIV/Syphilis Combo, rapid diagnostic, HIV 1 and 2 kit antibody testing kits, as well as COVID-19 antigen tests; and FMCG, personal care, and wellness products including deodorants, perfumes, face wash, hair-removal sprays, hair and body oils, almond hair oil, petroleum moisturizing jelly, toilet sanitizers, menstrual products, and hair removal sprays. The company was formerly known as Cupid Condom Limited and changed its name to Cupid Limited in January 2006. Cupid Limited was incorporated in 1993 and is based in Nashik, India.",
DRCSYSTEMS.NS,DRC Systems India Limited,Technology,Information Technology Services,2035869184.0,9.678082,,1.8089874,,,20.349999999999998,35.539,20.155,0.371,4170000.0,31220000.0,27.800000000000004,15.2,7.172,1.46,,"DRC Systems India Limited, a software development company, engages in the provision of information technology (IT) and IT enabled services in India, the United Arab Emirates, and internationally. The company offers web development, mobile application development, digital learning / e-learning, digital commerce / e-commerce, content management system, UI/UX design services, digital marketing services, and QA engineering and testing services; digital transformation services, such as application modernization, digital process automation, enterprise resource planning, product and platform engineering, agile consulting, and resource augmentation services; cloud strategy and consulting, managed cloud, cloud orchestration, and cloud infrastructure management services. It also provides artificial intelligence and machine learning, blockchain development; analytics and insights, and AI-powered chatbot and virtual assistants development services, as well as project management tools and blockchain-powered document issuing platform. In addition, the company offers Economic Zone Management System, a cloud & SaaS-based solution with single integrated system providing real-time insights on customer service, compliance, operation, and management for free zone, business parks, logistics, and economic zone. It serves education, retail, manufacturing, healthcare, public sector, and BFSI sectors. The company was formerly known as DRC Systems India Private Limited. DRC Systems India Limited was incorporated in 2012 and is headquartered in Gandhinagar, India.",
FAIRCHEMOR.NS,Fairchem Organics Limited,Basic Materials,Specialty Chemicals,8489637888.0,59.330986,,3.2275057,,,2.849,20.942,8.5880004,31.852,837822976.0,135000.0,34.4,783.3000000000001,393.413,11.36,15.0,"Fairchem Organics Limited manufactures and sells specialty oleo chemicals and intermediate nutraceuticals. It provides nutraceuticals comprising natural and mixed tocopherol and sterol concentrates; and oleo chemicals, such as dimer, isostearic, linoleic acid, stearic, palmitic, and distilled fatty acid products, as well as monobasic acid. The company operates in India, East Asia, the Middle East, North America, South America, Europe, and Southeast Asia. It serves companies/firms that produces epoxy hardeners, paints, printing inks, natural vitamin E, pet food, soaps, pharma; makes and trades in lubricants and cosmetics; and oil drilling operations. The company was incorporated in 2019 and is based in Ahmedabad, India. Fairchem Organics Limited operates as a subsidiary of Fih Mauritius Investments Limited.",
GRWRHITECH.NS,Garware Hi-Tech Films Limited,Basic Materials,Specialty Chemicals,168899510272.0,43.52772,39.901207,6.3584023,,,17.176001,49.443,25.145,0.59,156600000.0,7735900160.0,27.900000000000002,59.8,972.079,167.02,17.0,"Garware Hi-Tech Films Limited manufactures and sells polyester films in India, the United States, and internationally. The company offers paint protection and sun control films. It also offers defendo-dual reflective, spectrally selective, deco vista, safety, designer, privacy, reflective, IR rejection, writable, antigraffity, and whiteboard films, as well as HP films. In addition, the company provides lidding, liner release, metallized, lamination, packaging, shrink, thermal, heat sealable, graphic, and electrical films, as well as insulation and low oligomer films. Its products are used in automobiles, buildings, label, electric motor insulation and cable insulation, sealed compressors motors, sequin application films, TV and LCD screen, packaging, and other applications. The company was formerly known as Garware Polyester Limited and changed its name to Garware Hi-Tech Films Limited in April 2021. Garware Hi-Tech Films Limited was founded in 1933 and is based in Mumbai, India.",
INSPIRISYS.NS,Inspirisys Solutions Limited,Technology,Information Technology Services,3565914624.0,9.657726,,3.558411,,,7.809000000000001,14.575,4.684,82.297,824700032.0,1001400000.0,26.400000000000002,-33.1,126.05,9.32,,"Inspirisys Solutions Limited provides information technology services in India and internationally. It offers endpoint, network, application, data, and mobile security; and malware defense, risk and compliance, and consulting services, as well as a securities operation center, and vulnerability assessment and penetration testing services. The company also provides cloud solutions, including infrastructure as a service, platform as a service, application services, and management services; and Internet of Things (IoT) solutions, such as digital transformation, support for IoT applications systems, custom IoT, and development support for IoT systems. In addition, it offers infrastructure solutions consist of data center solutions and manages services, digital kiosks, staff augmentation, tools and services automation, workplace transformation, managed IT services, and network services, as well as audit, consulting, and professional services. Further, the company provides product engineering and development solutions, such as banking solutions, digital transformation, integration and mitigation, enterprise software, test automation, intelligence payment suite for government, business solutions, artificial intelligence solutions, robotic process automation solutions, multi-function banking kiosks, and application development and maintenance services. Additionally, it offers warranty management services, including return to bench, onsite warranty support, extended warranty, warehouse support, logistics, test services, repairs and refurbishments, data recovery, and customized CRM software services. It serves BFSI, telecom, government/PSU, manufacturing, and healthcare industries. The company was formerly known as Accel Frontline Limited and changed its name to Inspirisys Solutions Limited in September 2018. The company was founded in 1991 and is based in Chennai, India. Inspirisys Solutions Limited is a subsidiary of CAC Holdings Corporation.",
JHS.NS,JHS Svendgaard Laboratories Limited,Consumer Defensive,Household & Personal Products,698372096.0,,5.2913904,0.39981985,,,-1.698,35.674,1.135,8.503,148512992.0,190996000.0,24.6,0.0,12.616,-0.22,,"JHS Svendgaard Laboratories Limited, together with its subsidiaries, manufactures, trades in, and sells a range of oral and dental products in India. The company offers oral care products, such as toothbrushes, toothpastes, mouthwash products, whitening gels, talcum powders, sanitizers, detergents, and denture tablets. It also provides contract manufacturing services for oral care products. In addition, the company exports its products. JHS Svendgaard Laboratories Limited was founded in 1997 and is based in New Delhi, India.",
MURUDCERA.NS,Murudeshwar Ceramics Ltd.,Industrials,Building Products & Equipment,1846630400.0,18.711657,,0.4235229,,,4.622,42.169000000000004,11.411,37.491,1425005952.0,60522000.0,8.6,-59.4,33.669,1.63,164.0,"Murudeshwar Ceramics Ltd. manufactures and trades in ceramic and vitrified floor and wall tiles in India, the Americas, Europe, and internationally. The company offers wall tiles, such as bathroom, kitchen, and outdoor tiles; digital wall tiles; and floor tiles, including glazed and polished glazed vitrified, double charge, soluble salt, full body, and exterior tiles under the Naveen Ceramic Tiles and Naveen Diamontile brands. Murudeshwar Ceramics Ltd. was incorporated in 1983 and is based in Bengaluru, India.",
NEWGEN.NS,Newgen Software Technologies Limited,Technology,Software - Infrastructure,75679719424.0,25.88975,18.310535,4.25221,,,19.478,53.37499999999999,13.094,2.214,393560992.0,11144639488.0,11.200000000000001,27.800000000000004,114.239,20.68,112.99999999999999,"Newgen Software Technologies Limited, a software company, engages in the business of software product development in India, Europe, the Middle East, Africa, the Asia Pacific, Australia, and the United States. It designs and delivers software solutions, including workflow automation, document management, and imaging. The company also offers the NewgenONE platform that include agentic AI, AI and data science, intelligent process automation, content services platform, omnichannel customer engagement, low code application development, governance and security, integration ecosystem, developer ecosystem, and pricing solutions, which are used in enterprise content management, records lifecycle management, business process management, workflow management, customer communication management, document management, case management, intelligent document processing, and email archival. It serves enterprise customers in the banking and financial services, government, healthcare, insurance, and other domains. Newgen Software Technologies Limited was incorporated in 1992 and is based in New Delhi, India.",
NUCLEUS.NS,Nucleus Software Exports Limited,Technology,Software - Application,19621566464.0,18.624437,12.676021,2.1629739,,,12.134,30.814999999999998,1.34000005,0.942,85500000.0,4141400064.0,-3.3000000000000003,-32.2,330.069,40.02,168.0,"Nucleus Software Exports Limited provides lending and transaction banking products to the financial services industry in India, the Far East, South East Asia, Europe, the Middle East, Africa, Australia, and internationally. It offers FinnOne Neo, a next-generation digital lending platform for intelligent, scalable, and customer-centric lending ecosystems; and FinnAxia, an integrated global transaction banking platform for payments, liquidity management, cash management, and corporate banking operations; and Nucleus Software Digital Services. The company also offers nucleus software digital services. In addition, it provides testing, consulting, application development, maintenance, and infrastructure management services. Nucleus Software Exports Limited was founded in 1986 and is headquartered in Noida, India.",
OPTIEMUS.NS,Optiemus Infracom Limited,Technology,Electronics & Computer Distribution,52927705088.0,72.46913,,6.703285,,,3.279,12.699,2.693,45.355,3728220928.0,418145984.0,102.8,46.0,251.312,8.1,,"Optiemus Infracom Limited, together with its subsidiaries, trades in mobile handset and mobile accessories in India and internationally. It also manufactures telecommunication and allied products, including hearable and wearable, and IT hardware products, as well as drones and drone-based spectrum analyzers. The company was formerly known as Akanksha Cellular Limited and changed its name to Optiemus Infracom Limited in June 2011. Optiemus Infracom Limited was incorporated in 1993 and is based in Noida, India.",
POKARNA.NS,Pokarna Limited,Industrials,Building Products & Equipment,26272790528.0,27.66569,,3.0657802,,,16.03,70.415,29.666999999999998,53.459,4581252096.0,136080992.0,10.8,50.5,190.962,30.63,7.000000000000001,"Pokarna Limited, together with its subsidiaries, engages in the quarrying, manufacturing, processing, and selling of granites in India, China, the United States, and internationally. It operates through the Granite and Quartz Surfaces segments. The company offers granite raw blocks, processed slabs, tiles, countertops, and monuments in various colors and patterns. It also manufactures, processes, and sells quartz surfaces under the Quantra brand. The company exports its products. Pokarna Limited was incorporated in 1991 and is based in Secunderabad, India.",
REDINGTON.NS,Redington Limited,Technology,Information Technology Services,276200882176.0,16.243677,11.816053,2.7183194,,,1.3259999,4.9050003,1.881,27.26,28416200704.0,11100699648.0,34.599999999999994,76.7,1640.692,21.75,168.0,"Redington Limited distributes information technology, mobility, and other technology products in India, the Middle East, Turkey, Africa, and South Asian countries. It provides AI and automation, software applications, security, digital printing, data and analytics, infrastructure, 3D printing, network modernization, cyber security, solar, gaming, AR and VR, home automation, wearables, and displays; and firewalls, access service edge, endpoint security, and identity and access management solutions. The company also offers software and hardware solutions, such as laptops, tablets, servers, software, notebooks, workstations, networking, power supply, desktops, accessories, components, and lighting products for mobility, computing, printing, automation, gaming, and solar applications. In addition, it is involved in the marketing, sale, and maintenance of computer hardware, accessories and spare parts; wholesale of mobile phones and devices, electronic household appliances, telecommunication products, and cosmetics; artificial intelligence activities; distribution of renewable energy products, information technology, spare parts, and telecommunication products; cloud services and software sales; public materials transportation; requisites trading of computer software, computer equipment, telephones and telecommunication equipment, and data processing; and import and export of computers, computer peripherals, and components. Further, the company provides supply chain management, logistics, payment intermediation, hardware support and maintenance, and business and knowledge process outsourcing services; and cloud consulting, managed, and security solutions. It serves resellers, retailers, system integrators, and independent service vendors of technology products and solutions. The company was formerly known as Redington (India) Limited and changed its name to Redington Limited in August 2022. The company was incorporated in 1961 and is headquartered in Chennai, India.",
RVNL.NS,Rail Vikas Nigam Limited,Industrials,Engineering & Construction,440564776960.0,49.025524,38.418182,4.485533,,,4.32,6.396,4.0310003,49.078,48184901632.0,6357100032.0,10.6,16.900000000000002,99.553,4.31,163.0,"Rail Vikas Nigam Limited, together with its subsidiaries, engages in rail infrastructure works in India and internationally. The company undertakes rail project development and implementation, as well as provides financial resources mobilization services. It also executes various railway projects, including new lines, doubling, gauge conversion, railway electrification, workshops, bridge work, mega and monumental bridges, metro and metropolitan transport projects, new lines, hilly railway projects, construction of cable stayed bridges, institutional buildings, track renewal, training institutes, railway and other safety works, traffic facilities, and road over bridges, etc. In addition, the company engages in civil engineering; equipment and engine; installation of solar energy systems, and electricity transmission and control apparatus; installation and maintenance of underwater telecommunications and power cables; contracting of electrical fittings, ports and marine construction, bridges and dams, and tunnels; construction and reconstruction; tourism sector engagement; business planning and implementation; consulting; construction of rail links, subways, irrigation systems, canals, water main storage towers, transmission lines, and feeder bays; installation, maintenance, and repair of solar energy collectors; multimodal logistics park; and operation and maintenance of railway facilities. It serves Indian Railways, various central and state government ministries, departments, and public sector undertakings. Rail Vikas Nigam Limited was incorporated in 2003 and is based in New Delhi, India.",
SAKSOFT.NS,Saksoft Limited,Technology,Information Technology Services,20109678592.0,15.708836,4.5828943,2.5677385,,,12.934000000000001,47.897997,16.926001,5.607,436760000.0,2507760128.0,-0.2,-9.3,78.578,9.96,64.0,"Saksoft Limited, an information technology company, provides digital transformation solutions in Europe, the United States, the Asia Pacific, and internationally. It operates through Banking and Financial Services (BSF); Logistics; Emerging Vertical; and Commerce segments. The company offers services in the field of AI innovation lab, digital product engineering, agentic AI and intelligent solutions, data and advanced analytics, digital commerce platforms, salesforce customer transformation, AI-assisted quality engineering, and application modernisation; cloud and platform engineering; data platform modernisation; AI-assisted code transformation; salesforce and servicenow platform modernisation; cybersecurity and devsecops; enterprise dataops; cloud and infrastructure; quality engineering; automation; and global capability centres. It also provides mobility solution, application development, robotics process automation, analytics, Internet of Things, domain-specific technology solutions, strategic consulting, technology training, digital commerce, and digital testing services. The company serves logistics and transportation, banking and financial, digital commerce, Hi-tech and Saas, telecom, and utility sector. Saksoft Limited was incorporated in 1999 and is headquartered in Chennai, India.",
SBCL.NS,Shivalik Bimetal Controls Limited,Industrials,Metal Fabrication,61504000000.0,58.15359,36.817238,12.726167,,,17.209,44.811,21.547002000000003,14.779,711360000.0,1046953984.0,33.4,44.7,106.975,18.36,38.0,"Shivalik Bimetal Controls Limited operates as a process and product engineering company in India, the United States, Europe, and internationally. The company manufactures thermostatic bimetals, parts/strips, SMDS/shunt resistors, reflow solder/pre solder products, strips, precision stainless steel products, thermostatic bimetals, coils and springs, and snap action discs. Its products are primarily used in switchgears, circuit breakers, protective relays, metering, automotive devices, energy and battery management devices, and various other electrical and electronic devices. The company serves electronics, automotive, domestic appliances, industrial, medical, and agriculture and animal husbandry appliances sectors. The company was incorporated in 1984 and is headquartered in New Delhi, India.",
TEXRAIL.NS,Texmaco Rail & Engineering Limited,Industrials,Railroads,47086440448.0,21.75376,17.273136,1.9801185,,,5.095000000000001,17.501,5.9019998,37.094,8947088384.0,4291040000.0,-16.900000000000002,68.5,104.299,5.32,69.0,"Texmaco Rail & Engineering Limited manufactures, sells, and provides services for rail and rail related products in India. It operates through four segments: Freight Car Division, Infra Rail & Green Energy, Infra Electrical, and Real Estate. The company offers freight cars, such as railway freight cars, loco components and shells, and steel castings; steel girders for railway bridges; and pressure vessels. It also undertakes EPC contracts for execution of railway track, and signaling and telecommunication projects; rail electrification and automatic fare collection; hydro-mechanical equipment. In addition, the company provides wagons, parcel vans, brake vans, as well as components for fabricated bogie; front end; fuel tank; car body shell; platform sub-assemblies; bogie and base frame; and end, side, bolster, floor, and ballast assembly. The company was founded in 1939 and is based in Kolkata, India.",
TRIVENI.NS,Triveni Engineering & Industries Limited,Consumer Defensive,Confectioners,63343349760.0,22.723322,16.834553,1.8946085,,,4.2740002,27.040002,1.381,64.646,21610100736.0,703400000.0,-1.0999999999999999,-15.0,285.323,12.65,178.0,"Triveni Engineering & Industries Limited engages in the sugar and allied businesses, and engineering businesses in India and internationally. The company is involved in the production of refined sugar, multi-grade white crystal sugar, pharmaceutical-grade sugar, potable alcohol, fuel-ethanol, and power from bagasse; production of alcohol/ethanol using molasses; sale of surplus molasses and bagasse; operation of distilleries; and production of ethanol, extra neutral alcohol, and potable liquor. It also engages in the manufacture of low-speed gears and gear boxes covering supply to OEMs, after-market services, and retrofitment of gearboxes; EPC contracts, equipment supply, hybrid annuity model projects, and operations and maintenance contracts; operation of fuel stations; and retail of diesel/petrol. In addition, the company provides steam and gas turbines, centrifugal compressors, reciprocating compressors, centrifugal pumps, fans and blowers, and hydel turbines; propulsion gearboxes, propulsion shafting, fin stabilisers, special application pumps; water and wastewater treatment and network management, municipal wastewater/sewage/common effluent treatment plant, desalination for seawater and brackish water, recycle and reuse, and zero liquid discharge; and operations and maintenance, annual maintenance contracts, product and process audits, health check-ups, upgradation of existing plants, spares and service, and on-site support services. It serves refineries, coal, sand processing plant, non-ferrous industries, oil and gas, thermal power plants, steel plants, sugar and allied industries, and desalination industries. Triveni Engineering & Industries Limited was incorporated in 1932 and is headquartered in Noida, India.",
WELSPUNLIV.NS,Welspun Living Limited,Consumer Cyclical,Textile Manufacturing,187526283264.0,68.206894,21.294256,3.8580818,,,2.795,45.623000000000005,8.4680006,46.501,23147900928.0,10245999616.0,23.7,83.7,111.292,2.9,5.0,"Welspun Living Limited manufactures and sells home textile products in India and internationally. It operates through two segments, Home Textiles and Flooring. The company offers bedding solutions, including utility and fashion bedding, and bed sheet products; and spunlace, needle punch, and wet wipes. It also provides bath solutions, such as towels, bathrobes, and bathroom rugs, as well as mats, area rugs, and carpets. In addition, the company offers flooring products comprising SPC, and grass tiles, and wall to wall carpets, as well as rugs and artificial grass. Further, it is involved in power generation; home textile product trading; and real estate business. It offers its products under the owned and licensed brands, such as Christy, Spaces, Welspun, Welspun Flooring, SPUN, Welhome, and Martha Stewart. The company was formerly known as Welspun India Limited and changed its name to Welspun Living Limited in September 2023. Welspun Living Limited was incorporated in 1985 and is headquartered in Mumbai, India. Welspun Living Limited is a subsidiary of Welspun Group Master Trust.",
ZENTEC.NS,Zen Technologies Limited,Industrials,Aerospace & Defense,159548358656.0,88.25373,33.86598,8.876556,,,26.845000000000002,69.635004,21.792,0.95,185174000.0,3547316992.0,-10.5,-27.900000000000002,74.639,20.1,6.0,"Zen Technologies Limited, together with its subsidiaries, engages in the design, development, manufacture, and sale of training simulators in India and internationally. The company provides anti-drone systems; training and simulation live ranges, comprising smart and multi-functional target systems, tank targets, master control station for live-firing ranges, air-to-ground firing range scoring system, containerized tubular and indoor shooting range, shoot house for live and simulated indoor tactical training, special purpose adapter for hand guns, cornershot weapon system, tank zeroing system, and containerized small arms firing range; armour combat training, indoor tracking, hand grenade simulator, and tactical engagement simulation systems; advanced weapon, medium machine gun, automatic grenade launcher, mortar integrated and carrier mortar tracked integrated, anti-tank guided missile, combat and infantry weapons training, artillery forward observers, integrated air defence, UAV mission, rotary wing, infantry combat vehicle driving, crew gunnery, gunnery, driving, BMP II integrated missile, driving training, automated driving, and bus and tatra driving simulators; and driving aptitude testing system. It serves police, paramilitary, armed, and security forces; government departments comprising transport, mining, and infrastructure; and the civilian markets. Zen Technologies Limited was incorporated in 1993 and is headquartered in Hyderabad, India.",
INDIAGLYCO.NS,India Glycols Limited,Basic Materials,Chemicals,77697425408.0,31.577227,,2.6492789,,,7.353999999999999,35.699999999999996,11.241999,57.645,16906059776.0,318660992.0,8.6,22.1,661.891,36.71,106.0,"India Glycols Limited manufactures and sells bio-based specialities and performance chemicals in India and internationally. It operates through Bio-based Specialities and Performance Chemicals, Potable Spirits, Ennature Biopharma, and Bio-Fuel segments. The company offers bio mono ethylene, di ethylene, and tri ethylene glycols; ethylene and diethylene glycol monoethyl ethers, ethylene and diethylene glycol monoethyl ether acetates, and brake fluids; biopolymers from agricultural guar gum, tamarind gum, and cassia gum; biofuels, which include ethanol, DDGS, and DWGS; specialty chemicals, such as plasticizers, oil fields chemicals, bioamines, methyl soyate, methyl diethanolamine (MDEA) and MDEA derivatives, bio-potash granules, and C-Smart specialty products; molasses-based and grain-based extra neutral alcohol; and specialty gases, including industrial and medical oxygen, food grade and industrial carbon dioxide, liquid argon and nitrogen, ethylene oxide, and bio ethylene oxide. It also provides Indian made foreign liquor, such as whiskey under Soulmate Blu and Single Reserve brands; vodka under the Amazing Vodka brand; rum under Zumba Lemoni Citrus, Zumba Black Spiced, and Beach House XXX brands; economy spirits under Bunty brand; and branded country liquor. In addition, the company offers active pharmaceutical ingredients, branded nutraceutical ingredients, standardized botanical extracts, and nicotine derivatives. It serves the pharma and healthcare; textiles; automotive; personal care; industrial and manufacturing; paints and coatings; oil and gas; food ingredients; packaging; potable spirits; and other various industries, as well as corporates, medium and small enterprises, traders, and distributors. The company exports its products. The company was formerly known as UP Glycols Limited and changed its name to India Glycols Limited in August 1986. India Glycols Limited was incorporated in 1983 and is headquartered in Noida, India.",
